{"epoch": 0, "train_accuracy": 0.780078125, "val_accuracy": 0.7177734375, "F1_score": 0.7151179756429267, "loss": 5.673361778259277, "_timestamp": 1719306010.4552174, "_runtime": 63.036458253860474, "_step": 0, "_wandb": {"runtime": 107}}