{"epoch": 99, "train_accuracy": 0.9118055555555555, "val_accuracy": 0.87109375, "F1_score": 0.8712793989547039, "loss": 4.924659729003906, "_timestamp": 1719311904.94761, "_runtime": 5834.654562950134, "_step": 99, "_wandb": {"runtime": 5873}}