{"epoch": 199, "train_accuracy": 0.9145399305555556, "val_accuracy": 0.859375, "F1_score": 0.859375, "loss": 4.890857696533203, "_timestamp": 1719323725.8456814, "_runtime": 11769.742900371552, "_step": 199}